Seiko,Casio,Dior,Dominos,,
Apple,Suzuki,Rolex,,,
OnePlus,Audi,Titan,,,
IQOO,Tesla,Coach,,,
Tesla,Coach,Chanel,Subway,,
BMW,Hublot,Adidas,KFC,,
MG,Fossil,Hermes,IHOP,,
Tata,Swiss,ZARA,Dunkin,,
Hublot,Apple,Suzuki,Rolex,Nike,McD
Fossil,OnePlus,Audi,Titan,GUCCI,Starbucks
Swiss,IQOO,Tesla,Coach,Chanel,Subway
Tissot,H&M,,,,
Tesla,Chanel,Subway,,,
BMW,Adidas,KFC,,,
MG,Hermes,IHOP,,,
Tata,ZARA,Dunkin,,,
Bugatti,H&M,Popeyes,,,
Maserati,Dior,Dominos,,,
Apple,Suzuki,Rolex,,,
OnePlus,Audi,Titan,,,
